{"configMode":100,"enabled":true,"favicon_service":"google","layout":"default#dark","layout_user_css":"* {\n   font-family:  Inconsolata, monospace;\n   font-size: 15px;\n}","notification_showUpdate":"changelog","scriptUpdateCheckPeriod":604800000,"script_blacklist_server":[{"rules":["/https?:\\/\\/userscripts\\.org\\/scripts\\/(source|version)/(102614).*\\.user\\.js/"],"severity":"2"},{"name":"SaveFrom.net helper","reason":"Shows advertisements","rules":["/https?:\\/\\/sf-addon\\.com\\/.*\\/.*\\.user\\.js/","/https?:\\/\\/.*\\.sf-helper\\.com\\/.*\\.user\\.js/"],"severity":"3"}],"autoReload":true,"script_templates":[{"name":"ECMAScript 5","value":"// ==UserScript==\n// @name        Custom Css ctsv.uit.edu.vn\n// @namespace   style-loader\n// @version     1\n// @resource    FILE_CSS file:///home/near/styles/dist/uit.ctsv/style.min.css\n// @author      Near Huscarl\n// @include     https://ctsv.uit.edu.vn/*\n// @grant       GM_getResourceText\n// @grant       GM_addStyle\n// @run-at      document-start\n// ==/UserScript==\n\nlet cssText = GM_getResourceText ('FILE_CSS');\nGM_addStyle (cssText);"},{"name":"ECMAScript 6","value":"// ==UserScript==\n// @name         New ES6-Userscript\n// @namespace    http://tampermonkey.net/\n// @version      0.1\n// @description  shows how to use babel compiler\n// @author       You\n// @require      https://cdnjs.cloudflare.com/ajax/libs/babel-standalone/6.18.2/babel.js\n// @require      https://cdnjs.cloudflare.com/ajax/libs/babel-polyfill/6.16.0/polyfill.js\n// @match        <$URL$>\n// ==/UserScript==\n\n/* jshint ignore:start */\nvar inline_src = (<><![CDATA[\n/* jshint ignore:end */\n    /* jshint esnext: false */\n    /* jshint esversion: 6 */\n\n    // Your code here...\n\n/* jshint ignore:start */\n]]></>).toString();\nvar c = Babel.transform(inline_src, { presets: [ \"es2015\", \"es2016\" ] });\neval(c.code);\n/* jshint ignore:end */"},{"name":"CoffeeScript","value":"// ==UserScript==\n// @name         New Coffee-Userscript\n// @namespace    http://tampermonkey.net/\n// @version      0.1\n// @description  shows how to use coffeescript compiler\n// @author       You\n// @require      http://coffeescript.org/extras/coffee-script.js\n// @match        <$URL$>\n// ==/UserScript==\n/* jshint ignore:start */\nvar inline_src = (<><![CDATA[\n\n    // Your code here\n\n]]></>).toString();\nvar compiled = this.CoffeeScript.compile(inline_src);\neval(compiled);\n/* jshint ignore:end */"}],"scriptUrlDetection":"auto","editor_enabled":true,"editor_lineWrapping":false,"editor_electricChars":true,"editor_autoSave":false,"editor_easySave":true,"editor_highlightTrailingWhitespace":true,"editor_trimTrailingSpacesFromModifiedLines":true,"editor_autoLint":true,"editor_autoLintMaxLen":"50000","editor_theme":"monokai","editor_fontSize":"100","editor_keyMap":"windows","editor_indentUnit":"3","editor_indentWithTabs":"tabs","editor_tabMode":"indent"}